{"etarp/eTaR": 0.5599704572796139, "etarp/eTaRd": 0.5625, "etarp/eTaRp": 0.5574409145592278, "etarp/eTaP": 0.8839815146545309, "etarp/eTaPd": 0.9999999993535107, "etarp/eTaPp": 0.7679630299555513, "etarp/Detected_Anomalies": 54, "etarp/Correct_Predictions": 8, "etarp/f1": 0.6856232652814551, "etarp/False Alarm": 0, "etarp/N False Alarm": 0, "etarp/precision": 0.7642011834319526, "etarp/recall": 0.8064314704964096, "etarp/point_adjust_precision": 0.7652430044182621, "etarp/point_adjust_recall": 0.8111145800811739, "etarp/point_adjust_f1": 0.7875113671809336, "etarp/segments": 0.5625, "etarp/n_anomalies": 96, "precision": 0.8064314704964096, "recall": 0.7642011834319526, "f1": 0.7847485948655627}