{"etarp/eTaR": 0.2948435972629521, "etarp/eTaRd": 0.3225806451612903, "etarp/eTaRp": 0.2671065493646139, "etarp/eTaP": 0.3234982174890514, "etarp/eTaPd": 0.34624881054600914, "etarp/eTaPp": 0.3007476244320937, "etarp/Detected_Anomalies": 10, "etarp/Correct_Predictions": 9, "etarp/f1": 0.30850696447062614, "etarp/False Alarm": 599, "etarp/N False Alarm": 11, "etarp/precision": 0.24246395806028834, "etarp/recall": 0.7838983050847458, "etarp/point_adjust_precision": 0.2599231754161332, "etarp/point_adjust_recall": 0.8601694915254238, "etarp/point_adjust_f1": 0.39921337276470015, "etarp/segments": 0.3225806451612903, "etarp/n_anomalies": 31, "precision": 0.7838983050847458, "recall": 0.24246395806028834, "f1": 0.37037037037037035}