{"etarp/eTaR": 0.1358481844401338, "etarp/eTaRd": 0.13861386138613863, "etarp/eTaRp": 0.13308250749412898, "etarp/eTaP": 0.5309922511358197, "etarp/eTaPd": 0.5975316947018271, "etarp/eTaPp": 0.4644528075698121, "etarp/Detected_Anomalies": 14, "etarp/Correct_Predictions": 6, "etarp/f1": 0.2163466083020612, "etarp/False Alarm": 246, "etarp/N False Alarm": 4, "etarp/precision": 0.477859778597786, "etarp/recall": 0.48592870544090055, "etarp/point_adjust_precision": 0.5069686411149826, "etarp/point_adjust_recall": 0.5459662288930581, "etarp/point_adjust_f1": 0.5257452575525746, "etarp/segments": 0.13861386138613863, "etarp/n_anomalies": 101, "precision": 0.48592870544090055, "recall": 0.477859778597786, "f1": 0.48186046511627906}