{"etarp/eTaR": 0.24007734272574052, "etarp/eTaRd": 0.25806451612903225, "etarp/eTaRp": 0.2220901693224488, "etarp/eTaP": 0.5149283007873577, "etarp/eTaPd": 0.5856899556413641, "etarp/eTaPp": 0.4441666459333514, "etarp/Detected_Anomalies": 24, "etarp/Correct_Predictions": 8, "etarp/f1": 0.32747468629694093, "etarp/False Alarm": 394, "etarp/N False Alarm": 4, "etarp/precision": 0.5605875152998776, "etarp/recall": 0.24168865435356202, "etarp/point_adjust_precision": 0.7927251732101617, "etarp/point_adjust_recall": 0.7245382585751979, "etarp/point_adjust_f1": 0.7570995313930797, "etarp/segments": 0.25806451612903225, "etarp/n_anomalies": 93, "precision": 0.24168865435356202, "recall": 0.5605875152998776, "f1": 0.33775811209439527}