{"etarp/eTaR": 0.23958333333333334, "etarp/eTaRd": 0.25, "etarp/eTaRp": 0.22916666666666666, "etarp/eTaP": 0.40263935253132294, "etarp/eTaPd": 0.45952601334767496, "etarp/eTaPp": 0.34575269171497086, "etarp/Detected_Anomalies": 3, "etarp/Correct_Predictions": 1, "etarp/f1": 0.3004119297521617, "etarp/False Alarm": 123, "etarp/N False Alarm": 4, "etarp/precision": 0.5645161290322581, "etarp/recall": 0.8566433566433567, "etarp/point_adjust_precision": 0.5694760820045558, "etarp/point_adjust_recall": 0.8741258741258742, "etarp/point_adjust_f1": 0.689655172513793, "etarp/segments": 0.25, "etarp/n_anomalies": 12, "precision": 0.8566433566433567, "recall": 0.5645161290322581, "f1": 0.6805555555555556}