{"etarp/eTaR": 0.1324797153937251, "etarp/eTaRd": 0.14893617021276595, "etarp/eTaRp": 0.11602326057468429, "etarp/eTaP": 0.5053318887270603, "etarp/eTaPd": 0.5243273104871757, "etarp/eTaPp": 0.4863364669669447, "etarp/Detected_Anomalies": 21, "etarp/Correct_Predictions": 19, "etarp/f1": 0.20992476259419188, "etarp/False Alarm": 806, "etarp/N False Alarm": 4, "etarp/precision": 0.528152260111023, "etarp/recall": 0.5625, "etarp/point_adjust_precision": 0.5416024653312789, "etarp/point_adjust_recall": 0.59375, "etarp/point_adjust_f1": 0.5664786463530217, "etarp/segments": 0.14893617021276595, "etarp/n_anomalies": 141, "precision": 0.5625, "recall": 0.528152260111023, "f1": 0.5447852760736197}