{"etarp/eTaR": 0.29261352892805476, "etarp/eTaRd": 0.3277310924369748, "etarp/eTaRp": 0.25749596541913466, "etarp/eTaP": 0.6095933045142184, "etarp/eTaPd": 0.6537887613783431, "etarp/eTaPp": 0.5653978476500938, "etarp/Detected_Anomalies": 39, "etarp/Correct_Predictions": 38, "etarp/f1": 0.3954198558760127, "etarp/False Alarm": 554, "etarp/N False Alarm": 10, "etarp/precision": 0.49684873949579833, "etarp/recall": 0.5705669481302774, "etarp/point_adjust_precision": 0.544243577545195, "etarp/point_adjust_recall": 0.6899879372738239, "etarp/point_adjust_f1": 0.6085106383978724, "etarp/segments": 0.3277310924369748, "etarp/n_anomalies": 119, "precision": 0.5705669481302774, "recall": 0.49684873949579833, "f1": 0.5311622683885459}