{"etarp/eTaR": 0.4901715489322327, "etarp/eTaRd": 0.5037037037037037, "etarp/eTaRp": 0.4766393941607617, "etarp/eTaP": 0.6185574780947414, "etarp/eTaPd": 0.6920504027530435, "etarp/eTaPp": 0.5450645534364394, "etarp/Detected_Anomalies": 68, "etarp/Correct_Predictions": 19, "etarp/f1": 0.5469312514113368, "etarp/False Alarm": 534, "etarp/N False Alarm": 3, "etarp/precision": 0.5942028985507246, "etarp/recall": 0.8389679715302492, "etarp/point_adjust_precision": 0.6007439553626782, "etarp/point_adjust_recall": 0.8620996441281139, "etarp/point_adjust_f1": 0.7080745342614908, "etarp/segments": 0.5037037037037037, "etarp/n_anomalies": 135, "precision": 0.8389679715302492, "recall": 0.5942028985507246, "f1": 0.6956842493544818}