{"etarp/eTaR": 0.24777853783388026, "etarp/eTaRd": 0.2532299741602067, "etarp/eTaRp": 0.24232710150755385, "etarp/eTaP": 0.6461416524533609, "etarp/eTaPd": 0.7649949023175278, "etarp/eTaPp": 0.5272884025891942, "etarp/Detected_Anomalies": 98, "etarp/Correct_Predictions": 12, "etarp/f1": 0.3581976010836192, "etarp/False Alarm": 391, "etarp/N False Alarm": 3, "etarp/precision": 0.6068515497553018, "etarp/recall": 0.48585111014366567, "etarp/point_adjust_precision": 0.6148108684070325, "etarp/point_adjust_recall": 0.5023944275141489, "etarp/point_adjust_f1": 0.5529468137080499, "etarp/segments": 0.2532299741602067, "etarp/n_anomalies": 387, "precision": 0.48585111014366567, "recall": 0.6068515497553018, "f1": 0.5396518375241779}