{"etarp/eTaR": 0.5760397268137206, "etarp/eTaRd": 0.6794871794871795, "etarp/eTaRp": 0.4725922741402617, "etarp/eTaP": 0.6504778812160004, "etarp/eTaPd": 0.6926836984381785, "etarp/eTaPp": 0.6082720639938218, "etarp/Detected_Anomalies": 53, "etarp/Correct_Predictions": 51, "etarp/f1": 0.6109999538700513, "etarp/False Alarm": 113, "etarp/N False Alarm": 24, "etarp/precision": 0.595360824742268, "etarp/recall": 0.5579710144927537, "etarp/point_adjust_precision": 0.6735966735966736, "etarp/point_adjust_recall": 0.782608695652174, "etarp/point_adjust_f1": 0.7240223464687151, "etarp/segments": 0.6794871794871795, "etarp/n_anomalies": 78, "precision": 0.5579710144927537, "recall": 0.595360824742268, "f1": 0.5760598503740648}