{"etarp/eTaR": 0.21945131009000235, "etarp/eTaRd": 0.2463768115942029, "etarp/eTaRp": 0.19252580858580187, "etarp/eTaP": 0.5087369966151677, "etarp/eTaPd": 0.5377929230601796, "etarp/eTaPp": 0.47968107017015554, "etarp/Detected_Anomalies": 17, "etarp/Correct_Predictions": 17, "etarp/f1": 0.306632225085488, "etarp/False Alarm": 708, "etarp/N False Alarm": 4, "etarp/precision": 0.45510204081632655, "etarp/recall": 0.5799739921976593, "etarp/point_adjust_precision": 0.546304163126593, "etarp/point_adjust_recall": 0.8361508452535761, "etarp/point_adjust_f1": 0.6608427544679342, "etarp/segments": 0.2463768115942029, "etarp/n_anomalies": 69, "precision": 0.5799739921976593, "recall": 0.45510204081632655, "f1": 0.5100057175528874}