{"etarp/eTaR": 0.2755813953488372, "etarp/eTaRd": 0.27906976744186046, "etarp/eTaRp": 0.2720930232558139, "etarp/eTaP": 0.509040803152236, "etarp/eTaPd": 0.5514994688198648, "etarp/eTaPp": 0.46658213748460725, "etarp/Detected_Anomalies": 12, "etarp/Correct_Predictions": 8, "etarp/f1": 0.3575789088616134, "etarp/False Alarm": 1051, "etarp/N False Alarm": 5, "etarp/precision": 0.5850708924103419, "etarp/recall": 0.5778418451400329, "etarp/point_adjust_precision": 0.6524624519734544, "etarp/point_adjust_recall": 0.7693574958813838, "etarp/point_adjust_f1": 0.706104706204706, "etarp/segments": 0.27906976744186046, "etarp/n_anomalies": 43, "precision": 0.5778418451400329, "recall": 0.5850708924103419, "f1": 0.5814338997099046}