{"etarp/eTaR": 0.17467177310963905, "etarp/eTaRd": 0.21428571428571427, "etarp/eTaRp": 0.13505783193356388, "etarp/eTaP": 0.8729308639015187, "etarp/eTaPd": 0.9000763954845495, "etarp/eTaPp": 0.8457853323184881, "etarp/Detected_Anomalies": 12, "etarp/Correct_Predictions": 10, "etarp/f1": 0.2910958342378218, "etarp/False Alarm": 106, "etarp/N False Alarm": 1, "etarp/precision": 0.8911222780569514, "etarp/recall": 0.4632128863735307, "etarp/point_adjust_precision": 0.9417301658449126, "etarp/point_adjust_recall": 0.9146713104048759, "etarp/point_adjust_f1": 0.9280035336689046, "etarp/segments": 0.21428571428571427, "etarp/n_anomalies": 56, "precision": 0.4632128863735307, "recall": 0.8911222780569514, "f1": 0.6095674591807505}