{"etarp/eTaR": 0.4011485975771689, "etarp/eTaRd": 0.44285714285714284, "etarp/eTaRp": 0.35944005229719517, "etarp/eTaP": 0.6362558381335349, "etarp/eTaPd": 0.6567429821673992, "etarp/eTaPp": 0.6157686940996705, "etarp/Detected_Anomalies": 31, "etarp/Correct_Predictions": 30, "etarp/f1": 0.49206100987624146, "etarp/False Alarm": 991, "etarp/N False Alarm": 11, "etarp/precision": 0.6425963488843813, "etarp/recall": 0.9553679131483716, "etarp/point_adjust_precision": 0.6480223731522173, "etarp/point_adjust_recall": 0.9782870928829915, "etarp/point_adjust_f1": 0.7796202836856765, "etarp/segments": 0.44285714285714284, "etarp/n_anomalies": 70, "precision": 0.9553679131483716, "recall": 0.6425963488843813, "f1": 0.7683725442638856}