{"etarp/eTaR": 0.22832287808639207, "etarp/eTaRd": 0.2331288343558282, "etarp/eTaRp": 0.22351692181695598, "etarp/eTaP": 0.7792685862172032, "etarp/eTaPd": 0.8809399190111478, "etarp/eTaPp": 0.6775972534232586, "etarp/Detected_Anomalies": 76, "etarp/Correct_Predictions": 9, "etarp/f1": 0.3531686257638979, "etarp/False Alarm": 182, "etarp/N False Alarm": 1, "etarp/precision": 0.7122507122507122, "etarp/recall": 0.3482864307606576, "etarp/point_adjust_precision": 0.7229840921557872, "etarp/point_adjust_recall": 0.36723321259403735, "etarp/point_adjust_f1": 0.48706577984870664, "etarp/segments": 0.2331288343558282, "etarp/n_anomalies": 326, "precision": 0.3482864307606576, "recall": 0.7122507122507122, "f1": 0.467814371257485}