{"etarp/eTaR": 0.17136246579752132, "etarp/eTaRd": 0.1926605504587156, "etarp/eTaRp": 0.15006438113632709, "etarp/eTaP": 0.481373503230196, "etarp/eTaPd": 0.5048249993294395, "etarp/eTaPp": 0.4579220071309526, "etarp/Detected_Anomalies": 21, "etarp/Correct_Predictions": 20, "etarp/f1": 0.2527495170623184, "etarp/False Alarm": 543, "etarp/N False Alarm": 6, "etarp/precision": 0.3971518987341772, "etarp/recall": 0.32597402597402597, "etarp/point_adjust_precision": 0.4218512898330804, "etarp/point_adjust_recall": 0.36103896103896105, "etarp/point_adjust_f1": 0.38908327511749474, "etarp/segments": 0.1926605504587156, "etarp/n_anomalies": 109, "precision": 0.32597402597402597, "recall": 0.3971518987341772, "f1": 0.3580599144079886}