{"etarp/eTaR": 0.2954282711508145, "etarp/eTaRd": 0.3063583815028902, "etarp/eTaRp": 0.28449816079873885, "etarp/eTaP": 0.5330370028547663, "etarp/eTaPd": 0.6097135012751843, "etarp/eTaPp": 0.45636050443434795, "etarp/Detected_Anomalies": 53, "etarp/Correct_Predictions": 16, "etarp/f1": 0.38015884342963213, "etarp/False Alarm": 783, "etarp/N False Alarm": 4, "etarp/precision": 0.49055489964580873, "etarp/recall": 0.780281690140845, "etarp/point_adjust_precision": 0.4976717112922002, "etarp/point_adjust_recall": 0.8028169014084507, "etarp/point_adjust_f1": 0.6144448437938556, "etarp/segments": 0.3063583815028902, "etarp/n_anomalies": 173, "precision": 0.780281690140845, "recall": 0.49055489964580873, "f1": 0.6023921710764769}