{"etarp/eTaR": 0.2882278911564626, "etarp/eTaRd": 0.32, "etarp/eTaRp": 0.2564557823129252, "etarp/eTaP": 0.5970362535737793, "etarp/eTaPd": 0.612977225288652, "etarp/eTaPp": 0.5810952818589069, "etarp/Detected_Anomalies": 8, "etarp/Correct_Predictions": 8, "etarp/f1": 0.3887709703741, "etarp/False Alarm": 210, "etarp/N False Alarm": 8, "etarp/precision": 0.8102613746369797, "etarp/recall": 0.9425675675675675, "etarp/point_adjust_precision": 0.8147448015122873, "etarp/point_adjust_recall": 0.9707207207207207, "etarp/point_adjust_f1": 0.8859198356601232, "etarp/segments": 0.32, "etarp/n_anomalies": 25, "precision": 0.9425675675675675, "recall": 0.8102613746369797, "f1": 0.8714211348256116}