{"etarp/eTaR": 0.09420242187747005, "etarp/eTaRd": 0.09628697293895531, "etarp/eTaRp": 0.09211787081598481, "etarp/eTaP": 0.8800094346101237, "etarp/eTaPd": 0.9328098347448169, "etarp/eTaPp": 0.8272090344754305, "etarp/Detected_Anomalies": 153, "etarp/Correct_Predictions": 8, "etarp/f1": 0.1701868427380264, "etarp/False Alarm": 24, "etarp/N False Alarm": 3, "etarp/precision": 0.8676314860571832, "etarp/recall": 0.1300804403048264, "etarp/point_adjust_precision": 0.8954558126568163, "etarp/point_adjust_recall": 0.1699830651989839, "etarp/point_adjust_f1": 0.28572699382859496, "etarp/segments": 0.09628697293895531, "etarp/n_anomalies": 1589, "precision": 0.1300804403048264, "recall": 0.8676314860571832, "f1": 0.22624142850568366}