{"etarp/eTaR": 0.2686264321684394, "etarp/eTaRd": 0.2857142857142857, "etarp/eTaRp": 0.25153857862259305, "etarp/eTaP": 0.5702741651665643, "etarp/eTaPd": 0.6484866964862634, "etarp/eTaPp": 0.4920616338468649, "etarp/Detected_Anomalies": 36, "etarp/Correct_Predictions": 8, "etarp/f1": 0.36521779771029045, "etarp/False Alarm": 274, "etarp/N False Alarm": 4, "etarp/precision": 0.6527777777777778, "etarp/recall": 0.2644907146876759, "etarp/point_adjust_precision": 0.826629680998613, "etarp/point_adjust_recall": 0.670793472144063, "etarp/point_adjust_f1": 0.7406026717371543, "etarp/segments": 0.2857142857142857, "etarp/n_anomalies": 126, "precision": 0.2644907146876759, "recall": 0.6527777777777778, "f1": 0.3764517420905086}