{"etarp/eTaR": 0.15674603174603174, "etarp/eTaRd": 0.15873015873015872, "etarp/eTaRp": 0.15476190476190477, "etarp/eTaP": 0.3656852824880678, "etarp/eTaPd": 0.3912022408461512, "etarp/eTaPp": 0.3401683241299845, "etarp/Detected_Anomalies": 10, "etarp/Correct_Predictions": 4, "etarp/f1": 0.21943446085727852, "etarp/False Alarm": 589, "etarp/N False Alarm": 9, "etarp/precision": 0.6654804270462633, "etarp/recall": 0.9285004965243296, "etarp/point_adjust_precision": 0.6666666666666666, "etarp/point_adjust_recall": 0.9334657398212513, "etarp/point_adjust_f1": 0.7778237485484898, "etarp/segments": 0.15873015873015872, "etarp/n_anomalies": 63, "precision": 0.9285004965243296, "recall": 0.6654804270462633, "f1": 0.7752902155887229}