{"etarp/eTaR": 0.6331818181818182, "etarp/eTaRd": 0.8, "etarp/eTaRp": 0.4663636363636364, "etarp/eTaP": 0.4306498688486875, "etarp/eTaPd": 0.4804499912977385, "etarp/eTaPp": 0.3808497463996364, "etarp/Detected_Anomalies": 4, "etarp/Correct_Predictions": 4, "etarp/f1": 0.5126368583603254, "etarp/False Alarm": 39, "etarp/N False Alarm": 5, "etarp/precision": 0.43956043956043955, "etarp/recall": 0.5633802816901409, "etarp/point_adjust_precision": 0.5819672131147541, "etarp/point_adjust_recall": 1.0, "etarp/point_adjust_f1": 0.7357512954367876, "etarp/segments": 0.8, "etarp/n_anomalies": 5, "precision": 0.5633802816901409, "recall": 0.43956043956043955, "f1": 0.49382716049382724}