{"etarp/eTaR": 0.06696393972608805, "etarp/eTaRd": 0.06951871657754011, "etarp/eTaRp": 0.06440916287463601, "etarp/eTaP": 0.2988836092486107, "etarp/eTaPd": 0.33672553447142617, "etarp/eTaPp": 0.26104168402579514, "etarp/Detected_Anomalies": 26, "etarp/Correct_Predictions": 4, "etarp/f1": 0.10941401163112932, "etarp/False Alarm": 722, "etarp/N False Alarm": 9, "etarp/precision": 0.49401709401709404, "etarp/recall": 0.23240852432649778, "etarp/point_adjust_precision": 0.6768558951965066, "etarp/point_adjust_recall": 0.49859268194611983, "etarp/point_adjust_f1": 0.5742069924593425, "etarp/segments": 0.06951871657754011, "etarp/n_anomalies": 374, "precision": 0.23240852432649778, "recall": 0.49401709401709404, "f1": 0.316106097894449}