{"etarp/eTaR": 0.5246835443037975, "etarp/eTaRd": 0.6, "etarp/eTaRp": 0.44936708860759494, "etarp/eTaP": 0.2955213489766185, "etarp/eTaPd": 0.3200724622104812, "etarp/eTaPp": 0.27097023574275586, "etarp/Detected_Anomalies": 3, "etarp/Correct_Predictions": 4, "etarp/f1": 0.37808891424542157, "etarp/False Alarm": 198, "etarp/N False Alarm": 12, "etarp/precision": 0.3446153846153846, "etarp/recall": 0.4745762711864407, "etarp/point_adjust_precision": 0.5202702702702703, "etarp/point_adjust_recall": 0.9788135593220338, "etarp/point_adjust_f1": 0.6794117648058824, "etarp/segments": 0.6, "etarp/n_anomalies": 5, "precision": 0.4745762711864407, "recall": 0.3446153846153846, "f1": 0.39928698752228164}