{"etarp/eTaR": 0.35718766550356507, "etarp/eTaRd": 0.38095238095238093, "etarp/eTaRp": 0.3334229500547492, "etarp/eTaP": 0.6116331390427046, "etarp/eTaPd": 0.6247900678602621, "etarp/eTaPp": 0.5984762102251469, "etarp/Detected_Anomalies": 16, "etarp/Correct_Predictions": 6, "etarp/f1": 0.4509973609805929, "etarp/False Alarm": 201, "etarp/N False Alarm": 7, "etarp/precision": 0.8194842406876791, "etarp/recall": 0.35337726523887975, "etarp/point_adjust_precision": 0.9264305177111717, "etarp/point_adjust_recall": 0.9802306425041186, "etarp/point_adjust_f1": 0.9525715430257555, "etarp/segments": 0.38095238095238093, "etarp/n_anomalies": 42, "precision": 0.35337726523887975, "recall": 0.8194842406876791, "f1": 0.4938129496402878}