{"etarp/eTaR": 0.09867216117216118, "etarp/eTaRd": 0.10164835164835165, "etarp/eTaRp": 0.0956959706959707, "etarp/eTaP": 0.47808303137361086, "etarp/eTaPd": 0.5433676062585628, "etarp/eTaPp": 0.41279845648865887, "etarp/Detected_Anomalies": 37, "etarp/Correct_Predictions": 12, "etarp/f1": 0.16358235357698825, "etarp/False Alarm": 364, "etarp/N False Alarm": 8, "etarp/precision": 0.5860995850622407, "etarp/recall": 0.23859797297297297, "etarp/point_adjust_precision": 0.741580310880829, "etarp/point_adjust_recall": 0.48353040540540543, "etarp/point_adjust_f1": 0.5853783232083845, "etarp/segments": 0.10164835164835165, "etarp/n_anomalies": 364, "precision": 0.23859797297297297, "recall": 0.5860995850622407, "f1": 0.3391356542617047}