{"etarp/eTaR": 0.443287037037037, "etarp/eTaRd": 0.4722222222222222, "etarp/eTaRp": 0.41435185185185186, "etarp/eTaP": 0.4658157425736697, "etarp/eTaPd": 0.49347512378572383, "etarp/eTaPp": 0.4381563613616156, "etarp/Detected_Anomalies": 17, "etarp/Correct_Predictions": 13, "etarp/f1": 0.4542722449851009, "etarp/False Alarm": 503, "etarp/N False Alarm": 11, "etarp/precision": 0.4555198285101822, "etarp/recall": 0.8985200845665962, "etarp/point_adjust_precision": 0.4624338624338624, "etarp/point_adjust_recall": 0.9238900634249472, "etarp/point_adjust_f1": 0.616361072032299, "etarp/segments": 0.4722222222222222, "etarp/n_anomalies": 36, "precision": 0.8985200845665962, "recall": 0.4555198285101822, "f1": 0.6045519203413939}