{"etarp/eTaR": 0.7786738903001971, "etarp/eTaRd": 0.803030303030303, "etarp/eTaRp": 0.7543174775700913, "etarp/eTaP": 0.915135066023907, "etarp/eTaPd": 0.9528445005011315, "etarp/eTaPp": 0.8774256315466828, "etarp/Detected_Anomalies": 53, "etarp/Correct_Predictions": 20, "etarp/f1": 0.8414075026682539, "etarp/False Alarm": 77, "etarp/N False Alarm": 2, "etarp/precision": 0.9088503381358424, "etarp/recall": 0.9778551091426764, "etarp/point_adjust_precision": 0.9099099099099099, "etarp/point_adjust_recall": 0.9905093324897184, "etarp/point_adjust_f1": 0.9485004545077553, "etarp/segments": 0.803030303030303, "etarp/n_anomalies": 66, "precision": 0.9778551091426764, "recall": 0.9088503381358424, "f1": 0.9420908259676928}