{"etarp/eTaR": 0.13457129601358978, "etarp/eTaRd": 0.1532258064516129, "etarp/eTaRp": 0.11591678557556666, "etarp/eTaP": 0.7627316483983712, "etarp/eTaPd": 0.7711459843054583, "etarp/eTaPp": 0.754317312491284, "etarp/Detected_Anomalies": 19, "etarp/Correct_Predictions": 18, "etarp/f1": 0.22877844559259058, "etarp/False Alarm": 681, "etarp/N False Alarm": 2, "etarp/precision": 0.7761780104712042, "etarp/recall": 0.6698042168674698, "etarp/point_adjust_precision": 0.8210048848569435, "etarp/point_adjust_recall": 0.8859186746987951, "etarp/point_adjust_f1": 0.8522274539210792, "etarp/segments": 0.1532258064516129, "etarp/n_anomalies": 124, "precision": 0.6698042168674698, "recall": 0.7761780104712042, "f1": 0.7190784155214227}