{"etarp/eTaR": 0.32142857142857145, "etarp/eTaRd": 0.3333333333333333, "etarp/eTaRp": 0.30952380952380953, "etarp/eTaP": 0.9844720419307145, "etarp/eTaPd": 0.999999992118896, "etarp/eTaPp": 0.9689440917425329, "etarp/Detected_Anomalies": 1, "etarp/Correct_Predictions": 1, "etarp/f1": 0.48462714357860104, "etarp/False Alarm": 0, "etarp/N False Alarm": 0, "etarp/precision": 0.968944099378882, "etarp/recall": 0.8813559322033898, "etarp/point_adjust_precision": 0.9710982658959537, "etarp/point_adjust_recall": 0.9491525423728814, "etarp/point_adjust_f1": 0.9600000001, "etarp/segments": 0.3333333333333333, "etarp/n_anomalies": 3, "precision": 0.8813559322033898, "recall": 0.968944099378882, "f1": 0.9230769230769231}