{"etarp/eTaR": 0.055145929339477734, "etarp/eTaRd": 0.06451612903225806, "etarp/eTaRp": 0.045775729646697384, "etarp/eTaP": 0.14606121639848307, "etarp/eTaPd": 0.15666543846295064, "etarp/eTaPp": 0.13545699433401553, "etarp/Detected_Anomalies": 4, "etarp/Correct_Predictions": 4, "etarp/f1": 0.08006357314203574, "etarp/False Alarm": 954, "etarp/N False Alarm": 4, "etarp/precision": 0.4657113613101331, "etarp/recall": 0.768581081081081, "etarp/point_adjust_precision": 0.4700507614213198, "etarp/point_adjust_recall": 0.7820945945945946, "etarp/point_adjust_f1": 0.5871908688381104, "etarp/segments": 0.06451612903225806, "etarp/n_anomalies": 62, "precision": 0.768581081081081, "recall": 0.4657113613101331, "f1": 0.5799872530274061}