{"etarp/eTaR": 0.8277310924369747, "etarp/eTaRd": 1.0, "etarp/eTaRp": 0.6554621848739496, "etarp/eTaP": 0.27168144729628113, "etarp/eTaPd": 0.27771881279175403, "etarp/eTaPp": 0.26564408180080823, "etarp/Detected_Anomalies": 2, "etarp/Correct_Predictions": 1, "etarp/f1": 0.40908971476624384, "etarp/False Alarm": 363, "etarp/N False Alarm": 3, "etarp/precision": 0.29389312977099236, "etarp/recall": 0.652542372881356, "etarp/point_adjust_precision": 0.38943894389438943, "etarp/point_adjust_recall": 1.0, "etarp/point_adjust_f1": 0.5605700713589074, "etarp/segments": 1.0, "etarp/n_anomalies": 2, "precision": 0.652542372881356, "recall": 0.29389312977099236, "f1": 0.4052631578947368}