{"etarp/eTaR": 0.2727272727272727, "etarp/eTaRd": 0.2727272727272727, "etarp/eTaRp": 0.2727272727272727, "etarp/eTaP": 0.35443446276403473, "etarp/eTaPd": 0.3964671808161919, "etarp/eTaPp": 0.3124017447118777, "etarp/Detected_Anomalies": 3, "etarp/Correct_Predictions": 3, "etarp/f1": 0.3082584249150772, "etarp/False Alarm": 266, "etarp/N False Alarm": 5, "etarp/precision": 0.3018867924528302, "etarp/recall": 0.8951048951048951, "etarp/point_adjust_precision": 0.3018867924528302, "etarp/point_adjust_recall": 0.8951048951048951, "etarp/point_adjust_f1": 0.4514991182657848, "etarp/segments": 0.2727272727272727, "etarp/n_anomalies": 11, "precision": 0.8951048951048951, "recall": 0.3018867924528302, "f1": 0.4514991181657848}