{"etarp/eTaR": 0.1542782738095238, "etarp/eTaRd": 0.175, "etarp/eTaRp": 0.13355654761904762, "etarp/eTaP": 0.35308162588037595, "etarp/eTaPd": 0.3885811140588153, "etarp/eTaPp": 0.3175821377019366, "etarp/Detected_Anomalies": 7, "etarp/Correct_Predictions": 6, "etarp/f1": 0.21473050502115734, "etarp/False Alarm": 206, "etarp/N False Alarm": 4, "etarp/precision": 0.4312267657992565, "etarp/recall": 0.655367231638418, "etarp/point_adjust_precision": 0.48135593220338985, "etarp/point_adjust_recall": 0.8022598870056498, "etarp/point_adjust_f1": 0.6016949153542372, "etarp/segments": 0.175, "etarp/n_anomalies": 40, "precision": 0.655367231638418, "recall": 0.4312267657992565, "f1": 0.5201793721973094}