{"etarp/eTaR": 0.12354166666666666, "etarp/eTaRd": 0.125, "etarp/eTaRp": 0.12208333333333332, "etarp/eTaP": 0.4261371116077879, "etarp/eTaPd": 0.47954025727665833, "etarp/eTaPp": 0.3727339659389174, "etarp/Detected_Anomalies": 25, "etarp/Correct_Predictions": 5, "etarp/f1": 0.19155074224343416, "etarp/False Alarm": 313, "etarp/N False Alarm": 5, "etarp/precision": 0.450354609929078, "etarp/recall": 0.35774647887323946, "etarp/point_adjust_precision": 0.4532627865961199, "etarp/point_adjust_recall": 0.3619718309859155, "etarp/point_adjust_f1": 0.4025058732401723, "etarp/segments": 0.125, "etarp/n_anomalies": 200, "precision": 0.35774647887323946, "recall": 0.450354609929078, "f1": 0.3987441130298273}