{"etarp/eTaR": 0.6828355457227138, "etarp/eTaRd": 0.75, "etarp/eTaRp": 0.6156710914454278, "etarp/eTaP": 0.7025839266885414, "etarp/eTaPd": 0.7338420237878616, "etarp/eTaPp": 0.6713258295892214, "etarp/Detected_Anomalies": 15, "etarp/Correct_Predictions": 15, "etarp/f1": 0.6925689850840173, "etarp/False Alarm": 62, "etarp/N False Alarm": 5, "etarp/precision": 0.86810551558753, "etarp/recall": 0.8743961352657005, "etarp/point_adjust_precision": 0.8809523809523809, "etarp/point_adjust_recall": 0.9830917874396136, "etarp/point_adjust_f1": 0.9292237443922375, "etarp/segments": 0.75, "etarp/n_anomalies": 20, "precision": 0.8743961352657005, "recall": 0.86810551558753, "f1": 0.8712394705174488}