{"etarp/eTaR": 0.38793103448275856, "etarp/eTaRd": 0.39655172413793105, "etarp/eTaRp": 0.3793103448275862, "etarp/eTaP": 0.6548069061482593, "etarp/eTaPd": 0.8051433216758176, "etarp/eTaPp": 0.5044704906207009, "etarp/Detected_Anomalies": 23, "etarp/Correct_Predictions": 7, "etarp/f1": 0.4872171819325316, "etarp/False Alarm": 546, "etarp/N False Alarm": 1, "etarp/precision": 0.5887156644394952, "etarp/recall": 0.9285714285714286, "etarp/point_adjust_precision": 0.589173155357805, "etarp/point_adjust_recall": 0.930327868852459, "etarp/point_adjust_f1": 0.7214528945381385, "etarp/segments": 0.39655172413793105, "etarp/n_anomalies": 58, "precision": 0.9285714285714286, "recall": 0.5887156644394952, "f1": 0.720581553839164}