{"etarp/eTaR": 0.28585946573751453, "etarp/eTaRd": 0.2926829268292683, "etarp/eTaRp": 0.2790360046457607, "etarp/eTaP": 0.3948014456279616, "etarp/eTaPd": 0.4948327108581097, "etarp/eTaPp": 0.2947701803978135, "etarp/Detected_Anomalies": 24, "etarp/Correct_Predictions": 7, "etarp/f1": 0.33161219755258936, "etarp/False Alarm": 343, "etarp/N False Alarm": 7, "etarp/precision": 0.4944178628389155, "etarp/recall": 0.27555555555555555, "etarp/point_adjust_precision": 0.7603930461073318, "etarp/point_adjust_recall": 0.8942222222222223, "etarp/point_adjust_f1": 0.8218954249366013, "etarp/segments": 0.2926829268292683, "etarp/n_anomalies": 82, "precision": 0.27555555555555555, "recall": 0.4944178628389155, "f1": 0.3538812785388128}