{"etarp/eTaR": 0.17799203014539147, "etarp/eTaRd": 0.19047619047619047, "etarp/eTaRp": 0.1655078698145925, "etarp/eTaP": 0.635097448637642, "etarp/eTaPd": 0.6736135183208939, "etarp/eTaPp": 0.5965813789543901, "etarp/Detected_Anomalies": 20, "etarp/Correct_Predictions": 12, "etarp/f1": 0.2780561971567068, "etarp/False Alarm": 206, "etarp/N False Alarm": 4, "etarp/precision": 0.6311605723370429, "etarp/recall": 0.5162548764629389, "etarp/point_adjust_precision": 0.6419753086419753, "etarp/point_adjust_recall": 0.540962288686606, "etarp/point_adjust_f1": 0.5871559634027523, "etarp/segments": 0.19047619047619047, "etarp/n_anomalies": 105, "precision": 0.5162548764629389, "recall": 0.6311605723370429, "f1": 0.5679542203147354}