{"etarp/eTaR": 0.4137524801587302, "etarp/eTaRd": 0.42410714285714285, "etarp/eTaRp": 0.4033978174603175, "etarp/eTaP": 0.5999103588285779, "etarp/eTaPd": 0.6798661936090148, "etarp/eTaPp": 0.5199545240481409, "etarp/Detected_Anomalies": 95, "etarp/Correct_Predictions": 17, "etarp/f1": 0.4897375917651823, "etarp/False Alarm": 615, "etarp/N False Alarm": 3, "etarp/precision": 0.5608591885441527, "etarp/recall": 0.6351351351351351, "etarp/point_adjust_precision": 0.5683284457478006, "etarp/point_adjust_recall": 0.6547297297297298, "etarp/point_adjust_f1": 0.6084772371486656, "etarp/segments": 0.42410714285714285, "etarp/n_anomalies": 224, "precision": 0.6351351351351351, "recall": 0.5608591885441527, "f1": 0.5956907477820025}